<?xml version="1.0"?>
<doc>
    <assembly>
        "BarcodeSample.UI.WinForms.Interop"
    </assembly>
    <members>
        <member name="M:BarcodeSample.UI.WinForms.Interop.BarcodeScannerListenerInteropHelper.GetBarcodeScannerDeviceType(System.UInt32!System.Runtime.CompilerServices.IsLong)">
            <summary>
Converts a native raw input type into our version.
</summary>
            <param name="rawInputType">The raw input type.</param>
            <returns>Our version of the type.</returns>
            <summary>
Converts a native raw input type into our version.
</summary>
            <param name="rawInputType">The raw input type.</param>
            <returns>Our version of the type.</returns>
        </member>
        <member name="M:BarcodeSample.UI.WinForms.Interop.BarcodeScannerListenerInteropHelper.GetRawInputInfo(System.IntPtr,System.IntPtr@,System.Boolean@,System.String@)">
            <summary>
Gets information from a WM_INPUT message.
</summary>
            <param name="rawInputHeader">The LParam from the WM_INPUT message.</param>
            <param name="deviceHandle">[Out] The device handle that the message came from.</param>
            <param name="handled">[Out] True if the message represents a keystroke from that device.</param>
            <param name="buffer">[Out] If handled is true, this contains the characters that the keystroke represents.</param>
            <summary>
Gets information from a WM_INPUT message.
</summary>
            <param name="rawInputHeader">The LParam from the WM_INPUT message.</param>
            <param name="deviceHandle">[Out] The device handle that the message came from.</param>
            <param name="handled">[Out] True if the message represents a keystroke from that device.</param>
            <param name="buffer">[Out] If handled is true, this contains the characters that the keystroke represents.</param>
        </member>
        <member name="M:BarcodeSample.UI.WinForms.Interop.BarcodeScannerListenerInteropHelper.HookRawInput(System.IntPtr)">
            <summary>
Registers ourselves to listen to raw input from keyboard-like devices.
</summary>
            <param name="hwnd">the handle of the form that will receive the raw
input messages</param>
            <exception cref="T:System.InvalidOperationException">if the call to register with the
raw input API fails for some reason</exception>
            <summary>
Registers ourselves to listen to raw input from keyboard-like devices.
</summary>
            <param name="hwnd">the handle of the form that will receive the raw
input messages</param>
            <exception cref="T:System.InvalidOperationException">if the call to register with the
raw input API fails for some reason</exception>
        </member>
        <member name="M:BarcodeSample.UI.WinForms.Interop.BarcodeScannerListenerInteropHelper.InitializeBarcodeScannerDeviceHandles(System.Collections.Generic.IEnumerable`1{System.String})">
            <summary>
Returns a dictionary of barcode device handles to information about
the device.
</summary>
            <param name="hardwareIds">The enumerable of hardware IDs to filter by.</param>
            <returns>The device handle-to-information mapping of the filtered hardware IDs.</returns>
            <summary>
Returns a dictionary of barcode device handles to information about
the device.
</summary>
        </member>
        <member name="T:BarcodeSample.UI.WinForms.Interop.BarcodeScannerListenerInteropHelper">
            <summary>
Provides some helper methods that help the BarcodeScannerListener use native
Windows APIs without resorting to P/Invoking from C#.
</summary>
        </member>
    </members>
</doc>